{
    "LVA": {
        "id": 120,
        "name": "Latvia",
        "iso3": "LVA",
        "iso2": "LV",
        "phone_code": "371",
        "capital": "Riga",
        "currency": "EUR",
        "native": "Latvija",
        "region": "Europe",
        "subregion": "Northern Europe",
        "emoji": "🇱🇻",
        "emojiU": "U+1F1F1 U+1F1FB",
        "states": [
            {
                "id": 4445,
                "name": "Aglona Municipality",
                "state_code": "001",
                "cities": [
                    {
                        "id": 66868,
                        "name": "Aglona",
                        "latitude": "56.13274000",
                        "longitude": "27.00682000"
                    }
                ]
            },
            {
                "id": 4472,
                "name": "Aizkraukle Municipality",
                "state_code": "002",
                "cities": [
                    {
                        "id": 66870,
                        "name": "Aizkraukle",
                        "latitude": "56.60477000",
                        "longitude": "25.25534000"
                    }
                ]
            },
            {
                "id": 4496,
                "name": "Aizpute Municipality",
                "state_code": "003",
                "cities": [
                    {
                        "id": 66871,
                        "name": "Aizpute",
                        "latitude": "56.72108000",
                        "longitude": "21.60156000"
                    }
                ]
            },
            {
                "id": 4499,
                "name": "Aknīste Municipality",
                "state_code": "004",
                "cities": [
                    {
                        "id": 66872,
                        "name": "Aknīste",
                        "latitude": "56.16152000",
                        "longitude": "25.74783000"
                    }
                ]
            },
            {
                "id": 4484,
                "name": "Aloja Municipality",
                "state_code": "005",
                "cities": [
                    {
                        "id": 66873,
                        "name": "Aloja",
                        "latitude": "57.76723000",
                        "longitude": "24.87743000"
                    },
                    {
                        "id": 66966,
                        "name": "Staicele",
                        "latitude": "57.83579000",
                        "longitude": "24.74706000"
                    }
                ]
            },
            {
                "id": 4485,
                "name": "Alsunga Municipality",
                "state_code": "006",
                "cities": [
                    {
                        "id": 66874,
                        "name": "Alsunga",
                        "latitude": "56.98194000",
                        "longitude": "21.55938000"
                    }
                ]
            },
            {
                "id": 4487,
                "name": "Alūksne Municipality",
                "state_code": "007",
                "cities": [
                    {
                        "id": 66875,
                        "name": "Alūksne",
                        "latitude": "57.42162000",
                        "longitude": "27.04662000"
                    }
                ]
            },
            {
                "id": 4497,
                "name": "Amata Municipality",
                "state_code": "008",
                "cities": []
            },
            {
                "id": 4457,
                "name": "Ape Municipality",
                "state_code": "009",
                "cities": [
                    {
                        "id": 66876,
                        "name": "Ape",
                        "latitude": "57.53928000",
                        "longitude": "26.69291000"
                    }
                ]
            },
            {
                "id": 4481,
                "name": "Auce Municipality",
                "state_code": "010",
                "cities": [
                    {
                        "id": 66877,
                        "name": "Auce",
                        "latitude": "56.45981000",
                        "longitude": "22.90169000"
                    }
                ]
            },
            {
                "id": 4427,
                "name": "Babīte Municipality",
                "state_code": "012",
                "cities": [
                    {
                        "id": 66940,
                        "name": "Piņķi",
                        "latitude": "56.94189000",
                        "longitude": "23.91365000"
                    }
                ]
            },
            {
                "id": 4482,
                "name": "Baldone Municipality",
                "state_code": "013",
                "cities": [
                    {
                        "id": 66878,
                        "name": "Baldone",
                        "latitude": "56.74451000",
                        "longitude": "24.40078000"
                    }
                ]
            },
            {
                "id": 4498,
                "name": "Baltinava Municipality",
                "state_code": "014",
                "cities": [
                    {
                        "id": 66880,
                        "name": "Baltinava",
                        "latitude": "56.94394000",
                        "longitude": "27.64401000"
                    }
                ]
            },
            {
                "id": 4505,
                "name": "Balvi Municipality",
                "state_code": "015",
                "cities": [
                    {
                        "id": 66881,
                        "name": "Balvi",
                        "latitude": "57.13130000",
                        "longitude": "27.26583000"
                    }
                ]
            },
            {
                "id": 4465,
                "name": "Bauska Municipality",
                "state_code": "016",
                "cities": [
                    {
                        "id": 66882,
                        "name": "Bauska",
                        "latitude": "56.40794000",
                        "longitude": "24.19443000"
                    }
                ]
            },
            {
                "id": 4471,
                "name": "Beverīna Municipality",
                "state_code": "017",
                "cities": [
                    {
                        "id": 66931,
                        "name": "Mūrmuiža",
                        "latitude": "57.47312000",
                        "longitude": "25.49174000"
                    }
                ]
            },
            {
                "id": 4468,
                "name": "Brocēni Municipality",
                "state_code": "018",
                "cities": [
                    {
                        "id": 66884,
                        "name": "Brocēni",
                        "latitude": "56.67890000",
                        "longitude": "22.56945000"
                    }
                ]
            },
            {
                "id": 4411,
                "name": "Burtnieki Municipality",
                "state_code": "019",
                "cities": []
            },
            {
                "id": 4454,
                "name": "Carnikava Municipality",
                "state_code": "020",
                "cities": [
                    {
                        "id": 66885,
                        "name": "Carnikava",
                        "latitude": "57.12935000",
                        "longitude": "24.28423000"
                    }
                ]
            },
            {
                "id": 4469,
                "name": "Cēsis Municipality",
                "state_code": "022",
                "cities": [
                    {
                        "id": 66888,
                        "name": "Cēsis",
                        "latitude": "57.31188000",
                        "longitude": "25.27456000"
                    }
                ]
            },
            {
                "id": 4414,
                "name": "Cesvaine Municipality",
                "state_code": "021",
                "cities": [
                    {
                        "id": 66886,
                        "name": "Cesvaine",
                        "latitude": "56.96754000",
                        "longitude": "26.30764000"
                    }
                ]
            },
            {
                "id": 4410,
                "name": "Cibla Municipality",
                "state_code": "023",
                "cities": [
                    {
                        "id": 66887,
                        "name": "Cibla",
                        "latitude": "56.54980000",
                        "longitude": "27.88370000"
                    }
                ]
            },
            {
                "id": 4504,
                "name": "Dagda Municipality",
                "state_code": "024",
                "cities": [
                    {
                        "id": 66889,
                        "name": "Dagda",
                        "latitude": "56.09512000",
                        "longitude": "27.53723000"
                    }
                ]
            },
            {
                "id": 4463,
                "name": "Daugavpils",
                "state_code": "DGV",
                "cities": []
            },
            {
                "id": 4492,
                "name": "Daugavpils Municipality",
                "state_code": "025",
                "cities": [
                    {
                        "id": 66891,
                        "name": "Daugavpils",
                        "latitude": "55.88333000",
                        "longitude": "26.53333000"
                    }
                ]
            },
            {
                "id": 4437,
                "name": "Dobele Municipality",
                "state_code": "026",
                "cities": [
                    {
                        "id": 66892,
                        "name": "Dobele",
                        "latitude": "56.62372000",
                        "longitude": "23.27510000"
                    }
                ]
            },
            {
                "id": 4428,
                "name": "Dundaga Municipality",
                "state_code": "027",
                "cities": [
                    {
                        "id": 66893,
                        "name": "Dundaga",
                        "latitude": "57.50498000",
                        "longitude": "22.35041000"
                    }
                ]
            },
            {
                "id": 4458,
                "name": "Durbe Municipality",
                "state_code": "028",
                "cities": [
                    {
                        "id": 66920,
                        "name": "Lieģi",
                        "latitude": "56.58173000",
                        "longitude": "21.33399000"
                    }
                ]
            },
            {
                "id": 4448,
                "name": "Engure Municipality",
                "state_code": "029",
                "cities": [
                    {
                        "id": 66965,
                        "name": "SmÄrde",
                        "latitude": "56.95420000",
                        "longitude": "23.33736000"
                    }
                ]
            },
            {
                "id": 4444,
                "name": "Ērgļi Municipality",
                "state_code": "030",
                "cities": [
                    {
                        "id": 66990,
                        "name": "Ērgļi",
                        "latitude": "56.89752000",
                        "longitude": "25.63668000"
                    }
                ]
            },
            {
                "id": 4510,
                "name": "Garkalne Municipality",
                "state_code": "031",
                "cities": [
                    {
                        "id": 66895,
                        "name": "Garkalne",
                        "latitude": "57.04486000",
                        "longitude": "24.41951000"
                    }
                ]
            },
            {
                "id": 4470,
                "name": "Grobiņa Municipality",
                "state_code": "032",
                "cities": [
                    {
                        "id": 66896,
                        "name": "Grobiņa",
                        "latitude": "56.53521000",
                        "longitude": "21.16782000"
                    }
                ]
            },
            {
                "id": 4400,
                "name": "Gulbene Municipality",
                "state_code": "033",
                "cities": [
                    {
                        "id": 66897,
                        "name": "Gulbene",
                        "latitude": "57.17767000",
                        "longitude": "26.75291000"
                    }
                ]
            },
            {
                "id": 4441,
                "name": "Iecava Municipality",
                "state_code": "034",
                "cities": [
                    {
                        "id": 66898,
                        "name": "Iecava",
                        "latitude": "56.59766000",
                        "longitude": "24.20763000"
                    }
                ]
            },
            {
                "id": 4511,
                "name": "Ikšķile Municipality",
                "state_code": "035",
                "cities": [
                    {
                        "id": 66899,
                        "name": "Ikšķile",
                        "latitude": "56.83399000",
                        "longitude": "24.49679000"
                    }
                ]
            },
            {
                "id": 4399,
                "name": "Ilūkste Municipality",
                "state_code": "036",
                "cities": [
                    {
                        "id": 66900,
                        "name": "Ilūkste",
                        "latitude": "55.97754000",
                        "longitude": "26.29655000"
                    }
                ]
            },
            {
                "id": 4449,
                "name": "InÄukalns Municipality",
                "state_code": "037",
                "cities": [
                    {
                        "id": 66901,
                        "name": "InÄukalns",
                        "latitude": "57.09867000",
                        "longitude": "24.68630000"
                    },
                    {
                        "id": 66979,
                        "name": "Vangaži",
                        "latitude": "57.09358000",
                        "longitude": "24.54468000"
                    }
                ]
            },
            {
                "id": 4475,
                "name": "Jaunjelgava Municipality",
                "state_code": "038",
                "cities": [
                    {
                        "id": 66904,
                        "name": "Jaunjelgava",
                        "latitude": "56.61319000",
                        "longitude": "25.08316000"
                    }
                ]
            },
            {
                "id": 4407,
                "name": "Jaunpiebalga Municipality",
                "state_code": "039",
                "cities": []
            },
            {
                "id": 4489,
                "name": "Jaunpils Municipality",
                "state_code": "040",
                "cities": [
                    {
                        "id": 66905,
                        "name": "Jaunpils",
                        "latitude": "56.73137000",
                        "longitude": "23.01247000"
                    }
                ]
            },
            {
                "id": 4464,
                "name": "Jēkabpils",
                "state_code": "JKB",
                "cities": []
            },
            {
                "id": 4438,
                "name": "Jēkabpils Municipality",
                "state_code": "042",
                "cities": [
                    {
                        "id": 66908,
                        "name": "Jēkabpils",
                        "latitude": "56.49903000",
                        "longitude": "25.85735000"
                    },
                    {
                        "id": 66914,
                        "name": "Krustpils",
                        "latitude": "56.51068000",
                        "longitude": "25.86117000"
                    }
                ]
            },
            {
                "id": 4500,
                "name": "Jelgava",
                "state_code": "JEL",
                "cities": [
                    {
                        "id": 66906,
                        "name": "Jelgava",
                        "latitude": "56.65000000",
                        "longitude": "23.71278000"
                    }
                ]
            },
            {
                "id": 4424,
                "name": "Jelgava Municipality",
                "state_code": "041",
                "cities": [
                    {
                        "id": 66973,
                        "name": "Tīreļi",
                        "latitude": "56.83991000",
                        "longitude": "23.58902000"
                    }
                ]
            },
            {
                "id": 4446,
                "name": "Jūrmala",
                "state_code": "JUR",
                "cities": [
                    {
                        "id": 66909,
                        "name": "Jūrmala",
                        "latitude": "56.96800000",
                        "longitude": "23.77038000"
                    }
                ]
            },
            {
                "id": 4420,
                "name": "Kandava Municipality",
                "state_code": "043",
                "cities": [
                    {
                        "id": 66910,
                        "name": "Kandava",
                        "latitude": "57.04087000",
                        "longitude": "22.77466000"
                    }
                ]
            },
            {
                "id": 4453,
                "name": "KÄrsava Municipality",
                "state_code": "044",
                "cities": [
                    {
                        "id": 66917,
                        "name": "KÄrsava",
                        "latitude": "56.78405000",
                        "longitude": "27.68829000"
                    }
                ]
            },
            {
                "id": 4412,
                "name": "Ķegums Municipality",
                "state_code": "051",
                "cities": [
                    {
                        "id": 66991,
                        "name": "Ķegums",
                        "latitude": "56.74510000",
                        "longitude": "24.72439000"
                    }
                ]
            },
            {
                "id": 4435,
                "name": "Ķekava Municipality",
                "state_code": "052",
                "cities": [
                    {
                        "id": 66879,
                        "name": "Baloži",
                        "latitude": "56.87643000",
                        "longitude": "24.11825000"
                    },
                    {
                        "id": 66992,
                        "name": "Ķekava",
                        "latitude": "56.82662000",
                        "longitude": "24.23000000"
                    }
                ]
            },
            {
                "id": 4495,
                "name": "Kocēni Municipality",
                "state_code": "045",
                "cities": [
                    {
                        "id": 66912,
                        "name": "Kocēni",
                        "latitude": "57.52057000",
                        "longitude": "25.33821000"
                    }
                ]
            },
            {
                "id": 4452,
                "name": "Koknese Municipality",
                "state_code": "046",
                "cities": [
                    {
                        "id": 66913,
                        "name": "Koknese",
                        "latitude": "56.65163000",
                        "longitude": "25.43637000"
                    }
                ]
            },
            {
                "id": 4474,
                "name": "KrÄslava Municipality",
                "state_code": "047",
                "cities": [
                    {
                        "id": 66915,
                        "name": "KrÄslava",
                        "latitude": "55.89514000",
                        "longitude": "27.16799000"
                    }
                ]
            },
            {
                "id": 4422,
                "name": "Krimulda Municipality",
                "state_code": "048",
                "cities": []
            },
            {
                "id": 4413,
                "name": "Krustpils Municipality",
                "state_code": "049",
                "cities": []
            },
            {
                "id": 4490,
                "name": "Kuldīga Municipality",
                "state_code": "050",
                "cities": [
                    {
                        "id": 66916,
                        "name": "Kuldīga",
                        "latitude": "56.97399000",
                        "longitude": "21.95721000"
                    }
                ]
            },
            {
                "id": 4512,
                "name": "LielvÄrde Municipality",
                "state_code": "053",
                "cities": [
                    {
                        "id": 66918,
                        "name": "LielvÄrde",
                        "latitude": "56.72066000",
                        "longitude": "24.80743000"
                    }
                ]
            },
            {
                "id": 4460,
                "name": "LiepÄja",
                "state_code": "LPX",
                "cities": [
                    {
                        "id": 66911,
                        "name": "Karosta",
                        "latitude": "56.55128000",
                        "longitude": "21.01287000"
                    },
                    {
                        "id": 66919,
                        "name": "LiepÄja",
                        "latitude": "56.50474000",
                        "longitude": "21.01085000"
                    }
                ]
            },
            {
                "id": 4488,
                "name": "Līgatne Municipality",
                "state_code": "055",
                "cities": [
                    {
                        "id": 66924,
                        "name": "Līgatne",
                        "latitude": "57.23429000",
                        "longitude": "25.04059000"
                    }
                ]
            },
            {
                "id": 4418,
                "name": "Limbaži Municipality",
                "state_code": "054",
                "cities": [
                    {
                        "id": 66921,
                        "name": "Limbaži",
                        "latitude": "57.51287000",
                        "longitude": "24.71941000"
                    }
                ]
            },
            {
                "id": 4401,
                "name": "LÄ«vÄni Municipality",
                "state_code": "056",
                "cities": [
                    {
                        "id": 66925,
                        "name": "LÄ«vÄni",
                        "latitude": "56.35431000",
                        "longitude": "26.17579000"
                    }
                ]
            },
            {
                "id": 4419,
                "name": "LubÄna Municipality",
                "state_code": "057",
                "cities": [
                    {
                        "id": 66922,
                        "name": "LubÄna",
                        "latitude": "56.90425000",
                        "longitude": "26.71606000"
                    }
                ]
            },
            {
                "id": 4501,
                "name": "Ludza Municipality",
                "state_code": "058",
                "cities": [
                    {
                        "id": 66923,
                        "name": "Ludza",
                        "latitude": "56.53958000",
                        "longitude": "27.71891000"
                    }
                ]
            },
            {
                "id": 4433,
                "name": "Madona Municipality",
                "state_code": "059",
                "cities": [
                    {
                        "id": 66926,
                        "name": "Madona",
                        "latitude": "56.85329000",
                        "longitude": "26.21698000"
                    }
                ]
            },
            {
                "id": 4461,
                "name": "MÄlpils Municipality",
                "state_code": "061",
                "cities": [
                    {
                        "id": 66929,
                        "name": "MÄlpils",
                        "latitude": "57.01010000",
                        "longitude": "24.95783000"
                    }
                ]
            },
            {
                "id": 4450,
                "name": "MÄrupe Municipality",
                "state_code": "062",
                "cities": [
                    {
                        "id": 66930,
                        "name": "MÄrupe",
                        "latitude": "56.90544000",
                        "longitude": "24.05113000"
                    }
                ]
            },
            {
                "id": 4513,
                "name": "Mazsalaca Municipality",
                "state_code": "060",
                "cities": [
                    {
                        "id": 66927,
                        "name": "Mazsalaca",
                        "latitude": "57.86329000",
                        "longitude": "25.05475000"
                    }
                ]
            },
            {
                "id": 4451,
                "name": "Mērsrags Municipality",
                "state_code": "063",
                "cities": []
            },
            {
                "id": 4398,
                "name": "Naukšēni Municipality",
                "state_code": "064",
                "cities": [
                    {
                        "id": 66932,
                        "name": "Naukšēni",
                        "latitude": "57.88349000",
                        "longitude": "25.45609000"
                    }
                ]
            },
            {
                "id": 4432,
                "name": "Nereta Municipality",
                "state_code": "065",
                "cities": [
                    {
                        "id": 66933,
                        "name": "Nereta",
                        "latitude": "56.20279000",
                        "longitude": "25.30752000"
                    }
                ]
            },
            {
                "id": 4436,
                "name": "Nīca Municipality",
                "state_code": "066",
                "cities": [
                    {
                        "id": 66934,
                        "name": "Nīca",
                        "latitude": "56.34601000",
                        "longitude": "21.06401000"
                    }
                ]
            },
            {
                "id": 4416,
                "name": "Ogre Municipality",
                "state_code": "067",
                "cities": [
                    {
                        "id": 66907,
                        "name": "Jumprava",
                        "latitude": "56.67613000",
                        "longitude": "24.97210000"
                    },
                    {
                        "id": 66935,
                        "name": "Ogre",
                        "latitude": "56.81620000",
                        "longitude": "24.61401000"
                    }
                ]
            },
            {
                "id": 4417,
                "name": "Olaine Municipality",
                "state_code": "068",
                "cities": [
                    {
                        "id": 66936,
                        "name": "Olaine",
                        "latitude": "56.79472000",
                        "longitude": "23.93580000"
                    }
                ]
            },
            {
                "id": 4442,
                "name": "Ozolnieki Municipality",
                "state_code": "069",
                "cities": [
                    {
                        "id": 66937,
                        "name": "Ozolnieki",
                        "latitude": "56.68986000",
                        "longitude": "23.77610000"
                    }
                ]
            },
            {
                "id": 4507,
                "name": "PÄrgauja Municipality",
                "state_code": "070",
                "cities": [
                    {
                        "id": 66967,
                        "name": "Stalbe",
                        "latitude": "57.37065000",
                        "longitude": "25.03106000"
                    }
                ]
            },
            {
                "id": 4467,
                "name": "PÄvilosta Municipality",
                "state_code": "071",
                "cities": [
                    {
                        "id": 66944,
                        "name": "PÄvilosta",
                        "latitude": "56.88791000",
                        "longitude": "21.18593000"
                    }
                ]
            },
            {
                "id": 4405,
                "name": "Pļaviņas Municipality",
                "state_code": "072",
                "cities": [
                    {
                        "id": 66945,
                        "name": "Pļaviņas",
                        "latitude": "56.61780000",
                        "longitude": "25.72552000"
                    }
                ]
            },
            {
                "id": 4483,
                "name": "Preiļi Municipality",
                "state_code": "073",
                "cities": [
                    {
                        "id": 66902,
                        "name": "Jaunaglona",
                        "latitude": "56.16066000",
                        "longitude": "27.00714000"
                    },
                    {
                        "id": 66941,
                        "name": "Preiļi",
                        "latitude": "56.29444000",
                        "longitude": "26.72459000"
                    }
                ]
            },
            {
                "id": 4429,
                "name": "Priekule Municipality",
                "state_code": "074",
                "cities": [
                    {
                        "id": 66942,
                        "name": "Priekule",
                        "latitude": "56.44679000",
                        "longitude": "21.58968000"
                    }
                ]
            },
            {
                "id": 4506,
                "name": "Priekuļi Municipality",
                "state_code": "075",
                "cities": [
                    {
                        "id": 66943,
                        "name": "Priekuļi",
                        "latitude": "57.31500000",
                        "longitude": "25.36147000"
                    }
                ]
            },
            {
                "id": 4479,
                "name": "Rauna Municipality",
                "state_code": "076",
                "cities": [
                    {
                        "id": 66946,
                        "name": "Rauna",
                        "latitude": "57.33173000",
                        "longitude": "25.60947000"
                    }
                ]
            },
            {
                "id": 4509,
                "name": "Rēzekne",
                "state_code": "REZ",
                "cities": [
                    {
                        "id": 66953,
                        "name": "Rēzekne",
                        "latitude": "56.51028000",
                        "longitude": "27.34000000"
                    }
                ]
            },
            {
                "id": 4455,
                "name": "Rēzekne Municipality",
                "state_code": "077",
                "cities": []
            },
            {
                "id": 4502,
                "name": "Riebiņi Municipality",
                "state_code": "078",
                "cities": [
                    {
                        "id": 66947,
                        "name": "Riebiņi",
                        "latitude": "56.34280000",
                        "longitude": "26.79995000"
                    }
                ]
            },
            {
                "id": 4491,
                "name": "Riga",
                "state_code": "RIX",
                "cities": [
                    {
                        "id": 66883,
                        "name": "Bolderaja",
                        "latitude": "57.03132000",
                        "longitude": "24.05571000"
                    },
                    {
                        "id": 66890,
                        "name": "Daugavgrīva",
                        "latitude": "57.04315000",
                        "longitude": "24.03613000"
                    },
                    {
                        "id": 66903,
                        "name": "Jaunciems",
                        "latitude": "57.03910000",
                        "longitude": "24.17413000"
                    },
                    {
                        "id": 66928,
                        "name": "Mežaparks",
                        "latitude": "57.00008000",
                        "longitude": "24.15997000"
                    },
                    {
                        "id": 66948,
                        "name": "Riga",
                        "latitude": "56.94600000",
                        "longitude": "24.10589000"
                    }
                ]
            },
            {
                "id": 4440,
                "name": "Roja Municipality",
                "state_code": "079",
                "cities": [
                    {
                        "id": 66949,
                        "name": "Roja",
                        "latitude": "57.50146000",
                        "longitude": "22.80881000"
                    }
                ]
            },
            {
                "id": 4493,
                "name": "Ropaži Municipality",
                "state_code": "080",
                "cities": [
                    {
                        "id": 66950,
                        "name": "Ropaži",
                        "latitude": "56.97470000",
                        "longitude": "24.63295000"
                    }
                ]
            },
            {
                "id": 4503,
                "name": "Rucava Municipality",
                "state_code": "081",
                "cities": [
                    {
                        "id": 66951,
                        "name": "Rucava",
                        "latitude": "56.16314000",
                        "longitude": "21.16156000"
                    }
                ]
            },
            {
                "id": 4423,
                "name": "RugÄji Municipality",
                "state_code": "082",
                "cities": [
                    {
                        "id": 66952,
                        "name": "RugÄji",
                        "latitude": "57.00325000",
                        "longitude": "27.13371000"
                    }
                ]
            },
            {
                "id": 4426,
                "name": "Rūjiena Municipality",
                "state_code": "084",
                "cities": [
                    {
                        "id": 66954,
                        "name": "Rūjiena",
                        "latitude": "57.89752000",
                        "longitude": "25.33155000"
                    }
                ]
            },
            {
                "id": 4404,
                "name": "RundÄle Municipality",
                "state_code": "083",
                "cities": [
                    {
                        "id": 66938,
                        "name": "PilsrundÄle",
                        "latitude": "56.41812000",
                        "longitude": "24.01625000"
                    }
                ]
            },
            {
                "id": 4434,
                "name": "Sala Municipality",
                "state_code": "085",
                "cities": []
            },
            {
                "id": 4396,
                "name": "Salacgrīva Municipality",
                "state_code": "086",
                "cities": [
                    {
                        "id": 66869,
                        "name": "Ainaži",
                        "latitude": "57.86348000",
                        "longitude": "24.35853000"
                    },
                    {
                        "id": 66956,
                        "name": "Salacgrīva",
                        "latitude": "57.75312000",
                        "longitude": "24.35895000"
                    }
                ]
            },
            {
                "id": 4402,
                "name": "Salaspils Municipality",
                "state_code": "087",
                "cities": [
                    {
                        "id": 66957,
                        "name": "Salaspils",
                        "latitude": "56.86014000",
                        "longitude": "24.36544000"
                    }
                ]
            },
            {
                "id": 4439,
                "name": "Saldus Municipality",
                "state_code": "088",
                "cities": [
                    {
                        "id": 66958,
                        "name": "Saldus",
                        "latitude": "56.66363000",
                        "longitude": "22.48807000"
                    }
                ]
            },
            {
                "id": 4443,
                "name": "Saulkrasti Municipality",
                "state_code": "089",
                "cities": [
                    {
                        "id": 66959,
                        "name": "Saulkrasti",
                        "latitude": "57.26224000",
                        "longitude": "24.41471000"
                    }
                ]
            },
            {
                "id": 4408,
                "name": "Sēja Municipality",
                "state_code": "090",
                "cities": [
                    {
                        "id": 66894,
                        "name": "Engure",
                        "latitude": "57.16061000",
                        "longitude": "23.22527000"
                    },
                    {
                        "id": 66971,
                        "name": "Tukums",
                        "latitude": "56.96764000",
                        "longitude": "23.15554000"
                    }
                ]
            },
            {
                "id": 4476,
                "name": "Sigulda Municipality",
                "state_code": "091",
                "cities": [
                    {
                        "id": 66961,
                        "name": "Sigulda",
                        "latitude": "57.15375000",
                        "longitude": "24.85953000"
                    }
                ]
            },
            {
                "id": 4415,
                "name": "Skrīveri Municipality",
                "state_code": "092",
                "cities": [
                    {
                        "id": 66963,
                        "name": "Skrīveri",
                        "latitude": "56.64500000",
                        "longitude": "25.12058000"
                    }
                ]
            },
            {
                "id": 4447,
                "name": "Skrunda Municipality",
                "state_code": "093",
                "cities": [
                    {
                        "id": 66962,
                        "name": "Skrunda",
                        "latitude": "56.67749000",
                        "longitude": "22.01649000"
                    }
                ]
            },
            {
                "id": 4462,
                "name": "Smiltene Municipality",
                "state_code": "094",
                "cities": [
                    {
                        "id": 66964,
                        "name": "Smiltene",
                        "latitude": "57.42444000",
                        "longitude": "25.90164000"
                    }
                ]
            },
            {
                "id": 4478,
                "name": "Stopiņi Municipality",
                "state_code": "095",
                "cities": [
                    {
                        "id": 66974,
                        "name": "Ulbroka",
                        "latitude": "56.93630000",
                        "longitude": "24.30387000"
                    }
                ]
            },
            {
                "id": 4494,
                "name": "StrenÄi Municipality",
                "state_code": "096",
                "cities": [
                    {
                        "id": 66960,
                        "name": "Seda",
                        "latitude": "57.65042000",
                        "longitude": "25.75089000"
                    },
                    {
                        "id": 66969,
                        "name": "StrenÄi",
                        "latitude": "57.62574000",
                        "longitude": "25.68535000"
                    }
                ]
            },
            {
                "id": 4459,
                "name": "Talsi Municipality",
                "state_code": "097",
                "cities": [
                    {
                        "id": 66955,
                        "name": "Sabile",
                        "latitude": "57.04577000",
                        "longitude": "22.57261000"
                    },
                    {
                        "id": 66968,
                        "name": "Stende",
                        "latitude": "57.14497000",
                        "longitude": "22.53482000"
                    },
                    {
                        "id": 66970,
                        "name": "Talsi",
                        "latitude": "57.24562000",
                        "longitude": "22.58137000"
                    },
                    {
                        "id": 66976,
                        "name": "ValdemÄrpils",
                        "latitude": "57.37068000",
                        "longitude": "22.59188000"
                    }
                ]
            },
            {
                "id": 4480,
                "name": "Tērvete Municipality",
                "state_code": "098",
                "cities": [
                    {
                        "id": 66972,
                        "name": "Tērvete",
                        "latitude": "56.47989000",
                        "longitude": "23.38895000"
                    },
                    {
                        "id": 66988,
                        "name": "Zelmeņi",
                        "latitude": "56.45167000",
                        "longitude": "23.35194000"
                    }
                ]
            },
            {
                "id": 4409,
                "name": "Tukums Municipality",
                "state_code": "099",
                "cities": []
            },
            {
                "id": 4508,
                "name": "Vaiņode Municipality",
                "state_code": "100",
                "cities": [
                    {
                        "id": 66975,
                        "name": "Vaiņode",
                        "latitude": "56.41848000",
                        "longitude": "21.85405000"
                    }
                ]
            },
            {
                "id": 4425,
                "name": "Valka Municipality",
                "state_code": "101",
                "cities": [
                    {
                        "id": 66977,
                        "name": "Valka",
                        "latitude": "57.77520000",
                        "longitude": "26.01013000"
                    }
                ]
            },
            {
                "id": 4473,
                "name": "Valmiera",
                "state_code": "VMR",
                "cities": [
                    {
                        "id": 66978,
                        "name": "Valmiera",
                        "latitude": "57.54108000",
                        "longitude": "25.42751000"
                    }
                ]
            },
            {
                "id": 4431,
                "name": "VarakÄ¼Äni Municipality",
                "state_code": "102",
                "cities": [
                    {
                        "id": 66980,
                        "name": "VarakÄ¼Äni",
                        "latitude": "56.60826000",
                        "longitude": "26.75377000"
                    }
                ]
            },
            {
                "id": 4406,
                "name": "VÄrkava Municipality",
                "state_code": "103",
                "cities": [
                    {
                        "id": 66983,
                        "name": "VecvÄrkava",
                        "latitude": "56.19838000",
                        "longitude": "26.50811000"
                    }
                ]
            },
            {
                "id": 4466,
                "name": "Vecpiebalga Municipality",
                "state_code": "104",
                "cities": [
                    {
                        "id": 66981,
                        "name": "Vecpiebalga",
                        "latitude": "57.06090000",
                        "longitude": "25.81624000"
                    }
                ]
            },
            {
                "id": 4397,
                "name": "Vecumnieki Municipality",
                "state_code": "105",
                "cities": [
                    {
                        "id": 66982,
                        "name": "Vecumnieki",
                        "latitude": "56.60608000",
                        "longitude": "24.52232000"
                    }
                ]
            },
            {
                "id": 4421,
                "name": "Ventspils",
                "state_code": "VEN",
                "cities": [
                    {
                        "id": 66984,
                        "name": "Ventspils",
                        "latitude": "57.38988000",
                        "longitude": "21.57288000"
                    }
                ]
            },
            {
                "id": 4403,
                "name": "Ventspils Municipality",
                "state_code": "106",
                "cities": [
                    {
                        "id": 66939,
                        "name": "Piltene",
                        "latitude": "57.22426000",
                        "longitude": "21.67439000"
                    }
                ]
            },
            {
                "id": 4456,
                "name": "Viesīte Municipality",
                "state_code": "107",
                "cities": [
                    {
                        "id": 66985,
                        "name": "Viesīte",
                        "latitude": "56.34751000",
                        "longitude": "25.55514000"
                    }
                ]
            },
            {
                "id": 4477,
                "name": "Viļaka Municipality",
                "state_code": "108",
                "cities": [
                    {
                        "id": 66986,
                        "name": "Viļaka",
                        "latitude": "57.18458000",
                        "longitude": "27.67220000"
                    }
                ]
            },
            {
                "id": 4486,
                "name": "ViÄ¼Äni Municipality",
                "state_code": "109",
                "cities": [
                    {
                        "id": 66987,
                        "name": "ViÄ¼Äni",
                        "latitude": "56.55253000",
                        "longitude": "26.92449000"
                    }
                ]
            },
            {
                "id": 4430,
                "name": "Zilupe Municipality",
                "state_code": "110",
                "cities": [
                    {
                        "id": 66989,
                        "name": "Zilupe",
                        "latitude": "56.38616000",
                        "longitude": "28.12165000"
                    }
                ]
            }
        ]
    }
}